{
  "fileName": "privet_transmitted.wav",
  "filePath": "C:\\git hub sip\\ConsoleAppSip223\\ConsoleApp\\TestWavFiles\\privet_transmitted.wav",
  "analysisDate": "2025-10-03T15:59:46.4623733+03:00",
  "fileFormat": "RIFF",
  "fileSize": 279084,
  "waveFormat": "WAVE",
  "audioFormat": 1,
  "numChannels": 1,
  "sampleRate": 8000,
  "byteRate": 16000,
  "blockAlign": 2,
  "bitsPerSample": 16,
  "rawAudioSize": 279040,
  "totalFrames": 1744,
  "expectedDuration": 34.88,
  "minAmplitude": 0,
  "maxAmplitude": 255,
  "avgAmplitude": 160.57855146215596,
  "medianAmplitude": 196,
  "rmsAmplitude": 101.78205830345804,
  "nyquistFrequency": 4000,
  "minEnergy": 820040,
  "maxEnergy": 2601000,
  "avgEnergy": 1657533.9827981652,
  "totalEnergy": 2890739266,
  "energyStdDev": 179046.41272175632,
  "dynamicRangeDb": 48.1308036086791,
  "crestFactor": 2.5053531462267196,
  "silentFrames": 0,
  "silentFramePercentage": 0,
  "clippedSamples": 33475,
  "clippingPercentage": 11.996487958715596,
  "spectralCentroid": 139650.23352683045,
  "avgZeroCrossingRate": 0.4687750860091742,
  "maxZeroCrossingRate": 0.76875,
  "minZeroCrossingRate": 0,
  "frameDuration": 20,
  "avgShortTermEnergy": 10359.587392488535,
  "minShortTermEnergy": 5125.25,
  "maxShortTermEnergy": 16256.25,
  "shortTermEnergyStdDev": 1119.0400795109763
}