{
  "fileName": "privet.wav",
  "filePath": "C:\\git hub sip\\ConsoleAppSip223\\ConsoleApp\\TestWavFiles\\privet.wav",
  "analysisDate": "2025-10-03T15:03:45.2482467+03:00",
  "fileFormat": "RIFF",
  "fileSize": 1603788,
  "waveFormat": "WAVE",
  "audioFormat": 1,
  "numChannels": 2,
  "sampleRate": 44100,
  "byteRate": 176400,
  "blockAlign": 4,
  "bitsPerSample": 16,
  "rawAudioSize": 1603584,
  "totalFrames": 10023,
  "expectedDuration": 200.46,
  "minAmplitude": 0,
  "maxAmplitude": 255,
  "avgAmplitude": 158.40178811961206,
  "medianAmplitude": 194,
  "rmsAmplitude": 102.1849802491917,
  "nyquistFrequency": 22050,
  "minEnergy": 650300,
  "maxEnergy": 2601000,
  "avgEnergy": 1670583.2191958495,
  "totalEnergy": 16744255606,
  "energyStdDev": 210555.72551255985,
  "dynamicRangeDb": 48.1308036086791,
  "crestFactor": 2.4954743777231108,
  "silentFrames": 0,
  "silentFramePercentage": 0,
  "clippedSamples": 218135,
  "clippingPercentage": 13.602966854246487,
  "spectralCentroid": 809737.5789581774,
  "avgZeroCrossingRate": 0.45376945525291795,
  "maxZeroCrossingRate": 0.99375,
  "minZeroCrossingRate": 0,
  "frameDuration": 3.6281179138321997,
  "avgShortTermEnergy": 10442.118256759415,
  "minShortTermEnergy": 4064.375,
  "maxShortTermEnergy": 16256.25,
  "shortTermEnergyStdDev": 1316.666544884825
}